<?xml version="1.0" encoding="UTF-8"?>
<rss version="2.0" xmlns:atom="http://www.w3.org/2005/Atom">
  <channel>
    <title>John Smith</title>
    <description>My Personal Blog</description>
    <link>http://aboutashu.com/hcz-jekyll-blog/hcz-jekyll-blog/</link>
    <atom:link href="http://aboutashu.com/hcz-jekyll-blog/hcz-jekyll-blog/feed.xml" rel="self" type="application/rss+xml"/>
    <pubDate>Wed, 13 Jul 2016 23:26:59 +0530</pubDate>
    <lastBuildDate>Wed, 13 Jul 2016 23:26:59 +0530</lastBuildDate>
    <generator>Jekyll v3.1.6</generator>
    
      <item>
        <title>Welcome to Jekyll!</title>
        <description>&lt;p&gt;You’ll find this post in your &lt;code class=&quot;highlighter-rouge&quot;&gt;_posts&lt;/code&gt; directory. Go ahead and edit it and re-build the site to see your changes. You can rebuild the site in many different ways, but the most common way is to run &lt;code class=&quot;highlighter-rouge&quot;&gt;jekyll serve&lt;/code&gt;, which launches a web server and auto-regenerates your site when a file is updated.&lt;/p&gt;

&lt;p&gt;To add new posts, simply add a file in the &lt;code class=&quot;highlighter-rouge&quot;&gt;_posts&lt;/code&gt; directory that follows the convention &lt;code class=&quot;highlighter-rouge&quot;&gt;YYYY-MM-DD-name-of-post.ext&lt;/code&gt; and includes the necessary front matter. Take a look at the source for this post to get an idea about how it works.&lt;/p&gt;

&lt;p&gt;Jekyll also offers powerful support for code snippets:&lt;/p&gt;

&lt;figure class=&quot;highlight&quot;&gt;&lt;pre&gt;&lt;code class=&quot;language-ruby&quot; data-lang=&quot;ruby&quot;&gt;&lt;span class=&quot;k&quot;&gt;def&lt;/span&gt; &lt;span class=&quot;nf&quot;&gt;print_hi&lt;/span&gt;&lt;span class=&quot;p&quot;&gt;(&lt;/span&gt;&lt;span class=&quot;nb&quot;&gt;name&lt;/span&gt;&lt;span class=&quot;p&quot;&gt;)&lt;/span&gt;
  &lt;span class=&quot;nb&quot;&gt;puts&lt;/span&gt; &lt;span class=&quot;s2&quot;&gt;&quot;Hi, &lt;/span&gt;&lt;span class=&quot;si&quot;&gt;#{&lt;/span&gt;&lt;span class=&quot;nb&quot;&gt;name&lt;/span&gt;&lt;span class=&quot;si&quot;&gt;}&lt;/span&gt;&lt;span class=&quot;s2&quot;&gt;&quot;&lt;/span&gt;
&lt;span class=&quot;k&quot;&gt;end&lt;/span&gt;
&lt;span class=&quot;n&quot;&gt;print_hi&lt;/span&gt;&lt;span class=&quot;p&quot;&gt;(&lt;/span&gt;&lt;span class=&quot;s1&quot;&gt;&#39;Tom&#39;&lt;/span&gt;&lt;span class=&quot;p&quot;&gt;)&lt;/span&gt;
&lt;span class=&quot;c1&quot;&gt;#=&amp;gt; prints &#39;Hi, Tom&#39; to STDOUT.&lt;/span&gt;&lt;/code&gt;&lt;/pre&gt;&lt;/figure&gt;

&lt;p&gt;Check out the &lt;a href=&quot;http://jekyllrb.com&quot;&gt;Jekyll docs&lt;/a&gt; for more info on how to get the most out of Jekyll. File all bugs/feature requests at &lt;a href=&quot;https://github.com/jekyll/jekyll&quot;&gt;Jekyll’s GitHub repo&lt;/a&gt;. If you have questions, you can ask them on &lt;a href=&quot;https://github.com/jekyll/jekyll-help&quot;&gt;Jekyll’s dedicated Help repository&lt;/a&gt;.&lt;/p&gt;

</description>
        <pubDate>Sat, 04 Jun 2016 19:20:39 +0530</pubDate>
        <link>http://aboutashu.com/hcz-jekyll-blog/hcz-jekyll-blog/jekyll/2016/06/04/welcome-to-jekyll.html</link>
        <guid isPermaLink="true">http://aboutashu.com/hcz-jekyll-blog/hcz-jekyll-blog/jekyll/2016/06/04/welcome-to-jekyll.html</guid>
        
        
        <category>jekyll</category>
        
      </item>
    
      <item>
        <title>Example content for posts</title>
        <description>&lt;p&gt;&lt;small&gt;This demo page has been used from &lt;a href=&quot;http://jasonm23.github.io/markdown-css-themes/&quot; target=&quot;_blank&quot;&gt;http://jasonm23.github.io/markdown-css-themes/&lt;/a&gt;.&lt;/small&gt;&lt;/p&gt;

&lt;h1&gt;A First Level Header&lt;/h1&gt;

&lt;h2&gt;A Second Level Header&lt;/h2&gt;

&lt;h3&gt;A Third Level Header&lt;/h3&gt;

&lt;h4&gt;A Fourth Level Header&lt;/h4&gt;

&lt;h5&gt;A Fifth Level Header&lt;/h5&gt;

&lt;h6&gt;A Sixed Level Header&lt;/h6&gt;

&lt;p&gt;Now is the time for all good men to come to
the aid of their country. This is just a
regular paragraph.&lt;/p&gt;

&lt;p&gt;The quick brown fox jumped over the lazy
dog&amp;rsquo;s back.&lt;/p&gt;

&lt;hr /&gt;

&lt;h3&gt;Header 3&lt;/h3&gt;

&lt;blockquote&gt;&lt;p&gt;This is a blockquote with two paragraphs. Lorem ipsum dolor sit amet,
consectetuer adipiscing elit. Aliquam hendrerit mi posuere lectus.
Vestibulum enim wisi, viverra nec, fringilla in, laoreet vitae, risus.&lt;/p&gt;

&lt;p&gt;Donec sit amet nisl. Aliquam semper ipsum sit amet velit. Suspendisse
id sem consectetuer libero luctus adipiscing.&lt;/p&gt;

&lt;h2&gt;This is an H2 in a blockquote&lt;/h2&gt;

&lt;p&gt;This is the first level of quoting.&lt;/p&gt;

&lt;blockquote&gt;&lt;p&gt;This is nested blockquote.&lt;/p&gt;&lt;/blockquote&gt;

&lt;p&gt;Back to the first level.&lt;/p&gt;&lt;/blockquote&gt;

&lt;p&gt;Some of these words &lt;em&gt;are emphasized&lt;/em&gt;.
Some of these words &lt;em&gt;are emphasized also&lt;/em&gt;.&lt;/p&gt;

&lt;p&gt;Use two asterisks for &lt;strong&gt;strong emphasis&lt;/strong&gt;.
Or, if you prefer, &lt;strong&gt;use two underscores instead&lt;/strong&gt;.&lt;/p&gt;

&lt;ul&gt;
&lt;li&gt;Candy.&lt;/li&gt;
&lt;li&gt;Gum.&lt;/li&gt;
&lt;li&gt;Booze.&lt;/li&gt;
&lt;li&gt;Red&lt;/li&gt;
&lt;li&gt;Green&lt;/li&gt;
&lt;li&gt;&lt;p&gt;Blue&lt;/p&gt;&lt;/li&gt;
&lt;li&gt;&lt;p&gt;A list item.&lt;/p&gt;&lt;/li&gt;
&lt;/ul&gt;

&lt;p&gt;With multiple paragraphs.&lt;/p&gt;

&lt;ul&gt;
&lt;li&gt;&lt;p&gt;Another item in the list.&lt;/p&gt;&lt;/li&gt;
&lt;li&gt;&lt;p&gt;This is a list item with two paragraphs. Lorem ipsum dolor
sit amet, consectetuer adipiscing elit. Aliquam hendrerit
mi posuere lectus.&lt;/p&gt;&lt;/li&gt;
&lt;/ul&gt;

&lt;p&gt;Vestibulum enim wisi, viverra nec, fringilla in, laoreet
vitae, risus. Donec sit amet nisl. Aliquam semper ipsum
sit amet velit.*   Suspendisse id sem consectetuer libero luctus adipiscing.&lt;/p&gt;

&lt;ul&gt;
&lt;li&gt;This is a list item with two paragraphs.&lt;/li&gt;
&lt;/ul&gt;

&lt;p&gt;This is the second paragraph in the list item. You&amp;rsquo;re
only required to indent the first line. Lorem ipsum dolor
sit amet, consectetuer adipiscing elit.&lt;/p&gt;

&lt;ul&gt;
&lt;li&gt;&lt;p&gt;Another item in the same list.&lt;/p&gt;&lt;/li&gt;
&lt;li&gt;&lt;p&gt;A list item with a bit of &lt;code&gt;code&lt;/code&gt; inline.&lt;/p&gt;&lt;/li&gt;
&lt;li&gt;&lt;p&gt;A list item with a blockquote:&lt;/p&gt;

&lt;blockquote&gt;&lt;p&gt;This is a blockquote
inside a list item.&lt;/p&gt;&lt;/blockquote&gt;&lt;/li&gt;
&lt;/ul&gt;

&lt;p&gt;Here is an example of a pre code block&lt;/p&gt;

&lt;pre&gt;&lt;code&gt;tell application &quot;Foo&quot;
    beep
end tell
&lt;/code&gt;&lt;/pre&gt;

&lt;p&gt;This is an &lt;a href=&quot;#&quot;&gt;example link&lt;/a&gt;.&lt;/p&gt;

&lt;p&gt;I start my morning with a cup of coffee and
&lt;a href=&quot;http://www.nytimes.com/&quot;&gt;The New York Times&lt;/a&gt;.&lt;/p&gt;

&lt;h3 id=&quot;code-snippet&quot;&gt;Code snippet&lt;/h3&gt;

&lt;figure class=&quot;highlight&quot;&gt;&lt;pre&gt;&lt;code class=&quot;language-python&quot; data-lang=&quot;python&quot;&gt;&lt;span class=&quot;k&quot;&gt;if&lt;/span&gt; &lt;span class=&quot;n&quot;&gt;__name__&lt;/span&gt; &lt;span class=&quot;o&quot;&gt;==&lt;/span&gt;&lt;span class=&quot;s&quot;&gt;&#39;__main__&#39;&lt;/span&gt;&lt;span class=&quot;p&quot;&gt;:&lt;/span&gt;
    &lt;span class=&quot;n&quot;&gt;img_thread&lt;/span&gt; &lt;span class=&quot;o&quot;&gt;=&lt;/span&gt; &lt;span class=&quot;n&quot;&gt;threading&lt;/span&gt;&lt;span class=&quot;o&quot;&gt;.&lt;/span&gt;&lt;span class=&quot;n&quot;&gt;Thread&lt;/span&gt;&lt;span class=&quot;p&quot;&gt;(&lt;/span&gt;&lt;span class=&quot;n&quot;&gt;target&lt;/span&gt;&lt;span class=&quot;o&quot;&gt;=&lt;/span&gt;&lt;span class=&quot;n&quot;&gt;downloadWallpaper&lt;/span&gt;&lt;span class=&quot;p&quot;&gt;)&lt;/span&gt;
    &lt;span class=&quot;n&quot;&gt;img_thread&lt;/span&gt;&lt;span class=&quot;o&quot;&gt;.&lt;/span&gt;&lt;span class=&quot;n&quot;&gt;start&lt;/span&gt;&lt;span class=&quot;p&quot;&gt;()&lt;/span&gt;
    &lt;span class=&quot;n&quot;&gt;st&lt;/span&gt; &lt;span class=&quot;o&quot;&gt;=&lt;/span&gt; &lt;span class=&quot;s&quot;&gt;&#39;&lt;/span&gt;&lt;span class=&quot;se&quot;&gt;\r&lt;/span&gt;&lt;span class=&quot;s&quot;&gt;Downloading Image&#39;&lt;/span&gt;
    &lt;span class=&quot;n&quot;&gt;current&lt;/span&gt; &lt;span class=&quot;o&quot;&gt;=&lt;/span&gt; &lt;span class=&quot;mi&quot;&gt;1&lt;/span&gt;
    &lt;span class=&quot;k&quot;&gt;while&lt;/span&gt; &lt;span class=&quot;n&quot;&gt;img_thread&lt;/span&gt;&lt;span class=&quot;o&quot;&gt;.&lt;/span&gt;&lt;span class=&quot;n&quot;&gt;is_alive&lt;/span&gt;&lt;span class=&quot;p&quot;&gt;():&lt;/span&gt;
        &lt;span class=&quot;n&quot;&gt;sys&lt;/span&gt;&lt;span class=&quot;o&quot;&gt;.&lt;/span&gt;&lt;span class=&quot;n&quot;&gt;stdout&lt;/span&gt;&lt;span class=&quot;o&quot;&gt;.&lt;/span&gt;&lt;span class=&quot;n&quot;&gt;write&lt;/span&gt;&lt;span class=&quot;p&quot;&gt;(&lt;/span&gt;&lt;span class=&quot;n&quot;&gt;st&lt;/span&gt;&lt;span class=&quot;o&quot;&gt;+&lt;/span&gt;&lt;span class=&quot;s&quot;&gt;&#39;.&#39;&lt;/span&gt;&lt;span class=&quot;o&quot;&gt;*&lt;/span&gt;&lt;span class=&quot;p&quot;&gt;((&lt;/span&gt;&lt;span class=&quot;n&quot;&gt;current&lt;/span&gt;&lt;span class=&quot;p&quot;&gt;)&lt;/span&gt;&lt;span class=&quot;o&quot;&gt;%&lt;/span&gt;&lt;span class=&quot;mi&quot;&gt;5&lt;/span&gt;&lt;span class=&quot;p&quot;&gt;))&lt;/span&gt;
        &lt;span class=&quot;n&quot;&gt;current&lt;/span&gt;&lt;span class=&quot;o&quot;&gt;=&lt;/span&gt;&lt;span class=&quot;n&quot;&gt;current&lt;/span&gt;&lt;span class=&quot;o&quot;&gt;+&lt;/span&gt;&lt;span class=&quot;mi&quot;&gt;1&lt;/span&gt;
        &lt;span class=&quot;n&quot;&gt;time&lt;/span&gt;&lt;span class=&quot;o&quot;&gt;.&lt;/span&gt;&lt;span class=&quot;n&quot;&gt;sleep&lt;/span&gt;&lt;span class=&quot;p&quot;&gt;(&lt;/span&gt;&lt;span class=&quot;mf&quot;&gt;0.3&lt;/span&gt;&lt;span class=&quot;p&quot;&gt;)&lt;/span&gt;
    &lt;span class=&quot;n&quot;&gt;img_thread&lt;/span&gt;&lt;span class=&quot;o&quot;&gt;.&lt;/span&gt;&lt;span class=&quot;n&quot;&gt;join&lt;/span&gt;&lt;span class=&quot;p&quot;&gt;()&lt;/span&gt;
    &lt;span class=&quot;k&quot;&gt;print&lt;/span&gt;&lt;span class=&quot;p&quot;&gt;(&lt;/span&gt;&lt;span class=&quot;s&quot;&gt;&#39;&lt;/span&gt;&lt;span class=&quot;se&quot;&gt;\n&lt;/span&gt;&lt;span class=&quot;s&quot;&gt;Image of the day downloaded.&#39;&lt;/span&gt;&lt;span class=&quot;p&quot;&gt;)&lt;/span&gt;&lt;/code&gt;&lt;/pre&gt;&lt;/figure&gt;
</description>
        <pubDate>Sat, 04 Jun 2016 00:00:00 +0530</pubDate>
        <link>http://aboutashu.com/hcz-jekyll-blog/hcz-jekyll-blog/others/2016/06/04/example-content.html</link>
        <guid isPermaLink="true">http://aboutashu.com/hcz-jekyll-blog/hcz-jekyll-blog/others/2016/06/04/example-content.html</guid>
        
        
        <category>others</category>
        
      </item>
    
      <item>
        <title>Test Page</title>
        <description>&lt;p&gt;This is a test blog page where we can explore how to embedd images in the blog.&lt;/p&gt;

&lt;h2 id=&quot;image-example-1&quot;&gt;Image example 1&lt;/h2&gt;

&lt;p&gt;Here, I will embedd image from local assets which goes into &lt;code class=&quot;highlighter-rouge&quot;&gt;assets&lt;/code&gt; directory in project’s &lt;code class=&quot;highlighter-rouge&quot;&gt;root&lt;/code&gt; directory. Choose a specific image, related to particular post. I chose to name the image &lt;code class=&quot;highlighter-rouge&quot;&gt;test-page-image-1.jpg&lt;/code&gt;, which I will embedd as:&lt;/p&gt;

&lt;div class=&quot;language-markdown highlighter-rouge&quot;&gt;&lt;pre class=&quot;highlight&quot;&gt;&lt;code&gt;&lt;span class=&quot;p&quot;&gt;![&lt;/span&gt;&lt;span class=&quot;nv&quot;&gt;my alternate text&lt;/span&gt;&lt;span class=&quot;p&quot;&gt;](&lt;/span&gt;&lt;span class=&quot;sx&quot;&gt;/assets/test-page-image-1.jpg&lt;/span&gt;&lt;span class=&quot;p&quot;&gt;)&lt;/span&gt;;
&lt;/code&gt;&lt;/pre&gt;
&lt;/div&gt;

&lt;p&gt;&lt;img src=&quot;/assets/test-page-image-1.jpg&quot; alt=&quot;my alternate text&quot; /&gt;;&lt;/p&gt;

&lt;p&gt;Ofcourse, you can load images from web as well. Just point to image direct URL. For ex, here is one placeholder image:&lt;/p&gt;

&lt;div class=&quot;language-markdown highlighter-rouge&quot;&gt;&lt;pre class=&quot;highlight&quot;&gt;&lt;code&gt;&lt;span class=&quot;p&quot;&gt;![&lt;/span&gt;&lt;span class=&quot;nv&quot;&gt;my alternate text&lt;/span&gt;&lt;span class=&quot;p&quot;&gt;](&lt;/span&gt;&lt;span class=&quot;sx&quot;&gt;http://lorempixel.com/400/200&lt;/span&gt;&lt;span class=&quot;p&quot;&gt;)&lt;/span&gt;;
&lt;/code&gt;&lt;/pre&gt;
&lt;/div&gt;

&lt;p&gt;&lt;img src=&quot;http://lorempixel.com/400/200&quot; alt=&quot;my alternate text&quot; /&gt;;&lt;/p&gt;

&lt;p&gt;One cool thing about this is the fact that images adapt themselves to the screen size of device. Try to resize your browser window and check for yourself, Have fun.&lt;/p&gt;
</description>
        <pubDate>Thu, 04 Jun 2015 19:20:39 +0530</pubDate>
        <link>http://aboutashu.com/hcz-jekyll-blog/hcz-jekyll-blog/others/2015/06/04/test-page.html</link>
        <guid isPermaLink="true">http://aboutashu.com/hcz-jekyll-blog/hcz-jekyll-blog/others/2015/06/04/test-page.html</guid>
        
        
        <category>others</category>
        
      </item>
    
  </channel>
</rss>
